<?xml version="1.0" encoding="UTF-8"?>
<config xmlns="http://www.knime.org/2008/09/XMLConfig" xmlns:xsi="http://www.w3.org/2001/XMLSchema-instance" xsi:schemaLocation="http://www.knime.org/2008/09/XMLConfig http://www.knime.org/XMLConfig_2008_09.xsd" key="settings.xml">
<entry key="name" type="xstring" value="CSV Reader"/>
<config key="model">
<entry key="url" type="xstring" value="file:/C:/data/HealthTSV/Contact%20History.psv"/>
<entry key="colDelimiter" type="xstring" value="|"/>
<entry key="rowDelimiter" type="xstring" value="%%00010"/>
<entry key="quote" type="xstring" value="&quot;"/>
<entry key="commentStart" type="xstring" value="#"/>
<entry key="hasRowHeader" type="xboolean" value="false"/>
<entry key="hasColHeader" type="xboolean" value="true"/>
<entry key="supportShortLines" type="xboolean" value="false"/>
</config>
<entry key="hasContent" type="xboolean" value="true"/>
<entry key="isInactive" type="xboolean" value="false"/>
<config key="ports">
<config key="port_1">
<entry key="index" type="xint" value="1"/>
<entry key="port_spec_class" type="xstring" value="org.knime.core.data.DataTableSpec"/>
<entry key="port_object_class" type="xstring" value="org.knime.core.node.BufferedDataTable"/>
<entry key="port_object_summary" type="xstring" value="Rows: 518241, Cols: 12"/>
<entry key="port_dir_location" type="xstring" value="port_1"/>
</config>
</config>
<config key="filestores">
<entry key="file_store_location" type="xstring" isnull="true" value=""/>
<entry key="file_store_id" type="xstring" value="8a68b902-e0c5-41f4-9996-6b713271df59"/>
</config>
</config>
