<?xml version="1.0" encoding="UTF-8"?>
<config xmlns="http://www.knime.org/2008/09/XMLConfig" xmlns:xsi="http://www.w3.org/2001/XMLSchema-instance" xsi:schemaLocation="http://www.knime.org/2008/09/XMLConfig http://www.knime.org/XMLConfig_2008_09.xsd" key="settings.xml">
<entry key="name" type="xstring" value="Number To String"/>
<config key="model">
<config key="include_Internals">
<entry key="SettingsModelID" type="xstring" value="SMID_filterString"/>
<entry key="EnabledStatus" type="xboolean" value="true"/>
</config>
<config key="include">
<config key="InclList">
<entry key="array-size" type="xint" value="1"/>
<entry key="0" type="xstring" value="Contact Date"/>
</config>
<config key="ExclList">
<entry key="array-size" type="xint" value="8"/>
<entry key="0" type="xstring" value="Patient Record Id"/>
<entry key="1" type="xstring" value="Contact History Id"/>
<entry key="2" type="xstring" value="Contact Cost"/>
<entry key="3" type="xstring" value="Contact Units"/>
<entry key="4" type="xstring" value="Contact Date Week No"/>
<entry key="5" type="xstring" value="Contact Date Year"/>
<entry key="6" type="xstring" value="Contact Date WeekDay"/>
<entry key="7" type="xstring" value="Diagnostic Lines"/>
</config>
<entry key="keep_all_columns_selected" type="xboolean" value="false"/>
</config>
</config>
<entry key="hasContent" type="xboolean" value="true"/>
<entry key="isInactive" type="xboolean" value="false"/>
<config key="ports">
<config key="port_1">
<entry key="index" type="xint" value="1"/>
<entry key="port_spec_class" type="xstring" value="org.knime.core.data.DataTableSpec"/>
<entry key="port_object_class" type="xstring" value="org.knime.core.node.BufferedDataTable"/>
<entry key="port_object_summary" type="xstring" value="Rows: 518241, Cols: 12"/>
<entry key="port_dir_location" type="xstring" value="port_1"/>
</config>
</config>
<config key="filestores">
<entry key="file_store_location" type="xstring" isnull="true" value=""/>
<entry key="file_store_id" type="xstring" value="14482937-8fcd-41e8-9e58-eaa77b6cb082"/>
</config>
</config>
